상품명,성별구분,카테고리,소재,사이즈,색상,가격,어울리는 스타일,사용 상황,공식 상품설명,주요 디테일,상품이미지,상품링크,스타일코드
L Pina 비세토스 스터드 장식 토트,여성,핸드백 > 쇼퍼·토트백,"비세토스 모노그램 캔버스 바디, 나파 가죽 트림",약 18 x 41 x 32 cm / 스트랩 112.5~136.5cm,Cognac,"₩1,850,000","""나파 가죽 트림과 메탈 스터드 장식이 돋보이는"" 럭셔리 캐주얼",탈부착 가능한 길이 조절 가죽 스트랩 — 숄더·크로스 겸용 / 대용량 데일리 토트,나파 가죽 트림과 메탈 스터드 장식이 돋보이는 비세토스 모노그램 캔버스 토트백,탈부착 조절 가죽 스트랩; 가죽 핸들; 로고 브라스 플레이트; 양방향 지퍼; 내부 슬립·지퍼 포켓; 메탈 피트; 24K 골드 도금 브라스 하드웨어,https://images.mcmworldwide.com/i/mcmworldwide/MWTGATA01CO001_01?&fmt=auto&qlt=default,https://kr.mcmworldwide.com/ko_KR/MWTGATA01CO001.html,MWTGATA01CO001
M Pina 비세토스 스터드 장식 토트,여성,핸드백 > 쇼퍼·토트백,"비세토스 모노그램 캔버스 바디, 나파 가죽 트림","약 13 x 30 x 24 cm / 스트랩 107.5~131.5cm, 핸들 드롭 11cm",Cognac,"₩1,690,000","""바이에른 다이아몬드와 라우렐 엠블럼 스터드 장식""의 시그니처 무드",숄더·크로스 겸용 / 데일리~세미 포멀,"나파 가죽 트림과 메탈 스터드 장식이 돋보이는 비세토스 모노그램 캔버스 토트백으로, 바이에른 다이아몬드와 라우렐 엠블럼 스터드 장식이 특징입니다.",탈부착 조절 가죽 스트랩; 가죽 핸들; D링 참 장식; 양방향 지퍼; 24K 골드 도금 브라스 하드웨어; 제조국 대한민국,https://images.mcmworldwide.com/i/mcmworldwide/MWTGATA02CO001_01?&fmt=auto&qlt=default,https://kr.mcmworldwide.com/ko_KR/MWTGATA02CO001.html,MWTGATA02CO001
M New Liz 엠보스드 모노그램 레더 쇼퍼,여성,핸드백 > 쇼퍼·토트백,풀그레인 가죽,17 x 30 x 35 cm / 핸들 드롭 26.5cm,Black,"₩1,490,000","""엠보싱 비세토스 모노그램"" 로고리스에 가까운 미니멀 포멀",탈착 가능한 지퍼 파우치 포함 — 출근·비즈니스 데일리백,엠보싱 비세토스 모노그램과 탈착 가능한 지퍼 파우치가 포함된 그레인드 나파 가죽 쇼퍼백,가죽 핸들 스트랩; 후크 잠금; 탈부착 레더 파우치; D링 참; 바닥 레더 패드; 실버톤 코발트 브라스 하드웨어; 이탈리아 제조,https://images.mcmworldwide.com/i/mcmworldwide/MWPGALR01BK001_01?&fmt=auto&qlt=default,https://kr.mcmworldwide.com/ko_KR/MWPGALR01BK001.html,MWPGALR01BK001
S New Liz 엠보스드 모노그램 레더 쇼퍼,여성,핸드백 > 쇼퍼·토트백,풀그레인 가죽,약 15 x 25 x 31 cm / 핸들 드롭 26cm,Black,"₩1,350,000",엠보스드 모노그램의 절제된 포멀,탈착 파우치 포함 / 데일리·오피스,엠보싱 비세토스 모노그램과 탈착 가능한 지퍼 파우치가 포함된 그레인드 나파 가죽 쇼퍼백,가죽 핸들 스트랩; 후크 잠금; 탈부착 레더 파우치; 스웨이드 마감 극세사 안감; 이탈리아 제조,https://images.mcmworldwide.com/i/mcmworldwide/MWPGALR02BK001_01?&fmt=auto&qlt=default,https://kr.mcmworldwide.com/ko_KR/MWPGALR02BK001.html,MWPGALR02BK001
M New Liz 비세토스 쇼퍼,여성,핸드백 > 쇼퍼·토트백,"비세토스 모노그램 캔버스(바디), 천연 가죽(트림), 패브릭 안감","17 x 30 x 35 cm / 핸들 드롭 26.5cm (S, M)","Cognac, Cinnamon, Black, Beige+Black, Soft Pink","₩1,090,000","""바이에른 다이아몬드에서 영감을 받은 가죽 핸들 스트랩""의 헤리티지 캐주얼",매치 지퍼 파우치 포함 — 데일리 쇼퍼,천연 나파 가죽 트리밍과 매치된 지퍼 파우치가 포함된 비세토스 모노그램 캔버스 쇼퍼백,후크 클라스프 클로저; 탈착 비세토스 지퍼 파우치; D링 디테일; 바닥 레더 패드; 24K 골드 도금 브라스 하드웨어,https://images.mcmworldwide.com/i/mcmworldwide/MWPGSLR02CO001_01?&fmt=auto&qlt=default,https://kr.mcmworldwide.com/ko_KR/MWPGSLR02CO001.html,MWPGSLR02CO001
Leni 비세토스 쇼퍼,여성,핸드백 > 쇼퍼·토트백,"비세토스 모노그램 캔버스, 천연 가죽",16 x 34 x 36 cm / 핸들 드롭 25cm,Soft Pink,"₩1,450,000","""앞면 플랩 수납 공간""의 실용적 캐리올 무드",캐리올 쇼퍼 — 대용량 데일리·트래블,앞면 플랩 수납 공간과 천연 나파 가죽 트림이 더해진 비세토스 캐리올 쇼퍼,잠금 장치; 두 개의 앞면 플랩 포켓; 16K 골드 도금 메탈 하드웨어; 패브릭 안감; 제조국 대한민국,https://images.mcmworldwide.com/i/mcmworldwide/MWPGSTA01PZ001_01?&fmt=auto&qlt=default,https://kr.mcmworldwide.com/ko_KR/MWPGSTA01PZ001.html,MWPGSTA01PZ001
S Tracy 비세토스 숄더백,여성,핸드백 > 숄더·크로스백,"비세토스 모노그램 캔버스, 나파 가죽 트림, 극세사 스웨이드 안감",약 7 x 25 x 15 cm / 스트랩 109~134cm,Cognac,"₩1,450,000","""로고 락 클로저""의 클래식 시그니처",탈부착·길이 조절 스트랩 — 숄더·크로스 겸용,로고 락 클로저와 나파 가죽 트림을 더한 비세토스 모노그램 캔버스 숄더 백,탈부착·길이 조절 가죽 스트랩; 24K 골드 도금 브라스 하드웨어; 내부 슬립·지퍼 수납; 제조국 대한민국,https://images.mcmworldwide.com/i/mcmworldwide/MWSGAXT03CO001_01?&fmt=auto&qlt=default,https://kr.mcmworldwide.com/ko_KR/MWSGAXT03CO001.html,MWSGAXT03CO001
L Tracy 비세토스 호보,여성,핸드백 > 숄더·크로스백,"비세토스 모노그램 캔버스 바디, 나파 가죽 트림, 마이크로파이버 스웨이드 안감",11 x 33 x 31 cm / 스트랩 73~105cm,Cognac,"₩1,690,000","""로고 자물쇠가 있는 가죽 스트랩 잠금 장치""의 소프트 캐주얼",숄더 착용 중심의 대용량 호보 — 데일리,로고 락 클로저와 나파 가죽 트림이 돋보이는 비세토스 모노그램 캔버스 호보 백,탈부착·길이 조절 가죽 스트랩; 내부 슬립·지퍼 수납; 24K 골드 도금 브라스 하드웨어; 제조국 대한민국,https://images.mcmworldwide.com/i/mcmworldwide/MWHGAXT03CO001_01?&fmt=auto&qlt=default,https://kr.mcmworldwide.com/ko_KR/MWHGAXT03CO001.html,MWHGAXT03CO001
S Pina 비세토스 탬버린 백,여성,핸드백 > 숄더·크로스백,"비세토스 모노그램 캔버스 바디, 스터드 장식 나파 가죽 트림, 극세사 안감",약 6 x 19 x 19 cm / 스트랩 120.5~140.5cm,Cognac,"₩1,690,000","""1970~80년대의 리드미컬한 감성""을 담은 레트로 디스코","""크로스바디 또는 벨트백 스타일 변형 가능"" — 파티·나이트아웃",1970~80년대의 리드미컬한 감성을 고스란히 담아낸 탬버린 백으로 메탈 스터드와 탈착 가능한 가죽 태슬이 특징,탈부착 크로스바디 스트랩; 탈부착 가죽 태슬; 뒷면 벨트 루프; 지퍼 클로저; 내부 카드 슬롯; 24K 골드 도금 브라스 하드웨어,https://images.mcmworldwide.com/i/mcmworldwide/MWRGAOB01CO001_01?&fmt=auto&qlt=default,https://kr.mcmworldwide.com/ko_KR/MWRGAOB01CO001.html,MWRGAOB01CO001
S Pina 스터드 장식 카프스킨 탬버린 백,여성,핸드백 > 숄더·크로스백,100% 카프스킨,약 6 x 19 x 19 cm / 스트랩 120.5~140.5cm,Black,"₩2,250,000","""로고 메탈 스터드와 레더 태슬 장식""의 하이엔드 레더 무드",크로스바디·벨트백 겸용 — 이브닝·파티,로고 메탈 스터드와 레더 태슬 장식이 돋보이는 그레인 가죽 탬버린 백,탈부착·길이 조절 크로스바디 스트랩; 탈부착 가죽 태슬; 뒷면 벨트 루프; 24K 골드 도금 브라스 하드웨어; 이탈리아 제조,https://images.mcmworldwide.com/i/mcmworldwide/MWRGAOB03BK001_01?&fmt=auto&qlt=default,https://kr.mcmworldwide.com/ko_KR/MWRGAOB03BK001.html,MWRGAOB03BK001
Pina 스터드 장식 카프스킨 베니티 케이스,여성,핸드백 > 탑핸들백,카프스킨,약 6 x 19 x 12 cm / 스트랩 103~135cm,Black,"₩1,550,000","""70~80년대의 화려한 감성""을 담은 글램",탑 핸들 + 탈부착 스트랩 — 이브닝·디너,"70~80년대의 화려한 감성을 담아낸 카프스킨 소재의 Pina 베니티 케이스로, 가죽 태슬과 메탈 로고 스터드, 아이코닉한 로고 브라스 플레이트가 어우러져 고급스러운 분위기를 완성합니다.",탈부착·길이 조절 가죽 스트랩; 가죽 탑 핸들; 가죽 태슬; 양방향 지퍼; 내부 카드 슬롯; 이탈리아 제조,https://images.mcmworldwide.com/i/mcmworldwide/MWRGATA01BK001_01?&fmt=auto&qlt=default,https://kr.mcmworldwide.com/ko_KR/MWRGATA01BK001.html,MWRGATA01BK001
Pina 스터드 장식 카프스킨 드로우스트링 백,여성,핸드백 > 숄더·크로스백,100% 카프스킨,약 18 x 30 x 34 cm / 스트랩 96~120cm,Black,"₩1,790,000","""메탈 스터드장식과 체인 핸들""의 록시크",대용량 드로우스트링 — 데일리·주말,"메탈 스터드장식과 체인 핸들, 레더 스트랩이 더해진 그레인 가죽 드로우스트링 백",탈부착·길이 조절 가죽 스트랩; 로고 브라스 플레이트; 가죽 드로스트링 잠금; 24K 골드 도금 브라스 하드웨어; 이탈리아 제조,https://images.mcmworldwide.com/i/mcmworldwide/MWDGADU03BK001_01?&fmt=auto&qlt=default,https://kr.mcmworldwide.com/ko_KR/MWDGADU03BK001.html,MWDGADU03BK001
미니 Dessau 비세토스 드로우스트링 백,여성,핸드백 > 숄더·크로스백,"비세토스 모노그램 캔버스, 나파 가죽 트림","약 11 x 22 x 18 cm / 스트랩 96~120cm, 핸들 드롭 19cm",Cognac,"₩1,250,000","""체인 핸들""이 더해진 페미닌 캐주얼",체인 핸들·크로스 스트랩 2way — 데일리·주말 나들이,"나파 가죽 트림과 레더 스트랩, 체인 핸들이 더해진 비세토스 모노그램 캔버스 드로우스트링 백",탈부착·길이 조절 가죽 스트랩; 체인 핸들; 가죽 드로스트링 잠금; 24K 골드 도금 브라스 하드웨어; 제조국 대한민국,https://images.mcmworldwide.com/i/mcmworldwide/MWDGADU01CO001_01?&fmt=auto&qlt=default,https://kr.mcmworldwide.com/ko_KR/MWDGADU01CO001.html,MWDGADU01CO001
S Aren 비세토스 레더 믹스 베니티 케이스,여성,핸드백 > 탑핸들백,"비세토스 모노그램 캔버스, 나파 가죽",9 x 23 x 14 cm / 스트랩 99~123cm,Cognac,"₩1,190,000","""바바리안 다이아몬드 레더 참""의 헤리티지 미니멀",탑 핸들 + 크로스 스트랩 — 데일리·나들이,나파 가죽과 바바리안 다이아몬드 레더 참을 매치한 비세토스 모노그램 캔버스 바니티 케이스,탈부착 크로스바디 스트랩; 가죽 탑 핸들; 탈부착 바이에른 다이아몬드 레더 참; 양방향 지퍼; 제조국 대한민국,https://images.mcmworldwide.com/i/mcmworldwide/MWRGATA05CO001_01?&fmt=auto&qlt=default,https://kr.mcmworldwide.com/ko_KR/MWRGATA05CO001.html,MWRGATA05CO001
미니 Aren 비세토스 레더 믹스 베니티 케이스,여성,핸드백 > 탑핸들백,"비세토스 모노그램 캔버스 바디, 천연 가죽 트림","약 6 x 19 x 12 cm / 스트랩 125~133cm, 핸들 드롭 4cm","Cognac, Soft Pink, Black","₩990,000","""바이에른 다이아몬드 가죽 참 장식""의 미니멀 큐트",미니 사이즈 탑핸들 — 가벼운 외출·데이트,천연 가죽 트리밍과 바이에른 다이아몬드 가죽 참 장식이 어우러진 비세토스 모노그램 캔버스 배니티 케이스,탈부착·길이 조절 가죽 스트랩; 가죽 탑 핸들; 탈부착 참; 양방향 지퍼; 내부 카드 슬롯; 제조국 대한민국,https://images.mcmworldwide.com/i/mcmworldwide/MWRGSTA02CO001_01?&fmt=auto&qlt=default,https://kr.mcmworldwide.com/ko_KR/MWRGSTA02CO001.html,MWRGSTA02CO001
미니 Aren 맥시 모노그램 레더 베니티 케이스,여성,핸드백 > 탑핸들백,천연 풀 그레인 레더,약 6 x 19 x 12 cm / 스트랩 125~133cm,Black,"₩1,250,000","""엠보싱 처리된 맥시 비세토스 모노그램""의 톤온톤 시크",탑 핸들 + 크로스 스트랩 — 오피스·이브닝,엠보싱 처리된 맥시 비세토스 모노그램 모티프와 바이에른 다이아몬드 레더 참이 어우러진 내추럴 풀그레인 레더 베니티 케이스,탈부착·길이 조절 가죽 스트랩; 가죽 탑 핸들; 양방향 지퍼; 실버톤 코발트 브라스 하드웨어; 이탈리아 제조,https://images.mcmworldwide.com/i/mcmworldwide/MWRGSTA01BK001_01?&fmt=auto&qlt=default,https://kr.mcmworldwide.com/ko_KR/MWRGSTA01BK001.html,MWRGSTA01BK001
미니 비세토스 오리지널 보스턴 백,여성,핸드백 > 탑핸들백,코티드 캔버스,약 8 x 18 x 10 cm / 스트랩 102~118cm,Cognac,"₩990,000","""클래식한 스타일에 신선한 감각""의 레트로",미니 보스턴 — 가벼운 외출·여행 서브백,클래식한 스타일에 신선한 감각을 더해주는 미니 보스턴 백입니다.,나파 가죽 트림; 양방향 지퍼; 24K 금 도금 하드웨어; 내부 오픈 포켓·카드 슬롯; MCM 로고 플레이트; 제조국 대한민국,https://images.mcmworldwide.com/i/mcmworldwide/MWBAASE03CO001_01?&fmt=auto&qlt=default,https://kr.mcmworldwide.com/ko_KR/MWBAASE03CO001.html,MWBAASE03CO001
미니 Pina 스터드 장식 카프스킨 드로우스트링 백팩,여성,핸드백 > 백팩·벨트백,100% 카프스킨,11 x 23 x 25 cm / 스트랩 85~96cm,Black,"₩2,390,000","""메탈 로고 스터드 장식, 체인 핸들""의 럭셔리 스트리트","""탈부착 가능한 숄더 스트랩으로 실용성을 더한"" — 백팩·숄더 2way","메탈 로고 스터드 장식, 체인 핸들, 탈부착 가능한 숄더 스트랩으로 실용성을 더한 그레인 가죽 드로우스트링 백팩",탈부착 숄더 스트랩; 가죽 탑 핸들; 체인 핸들; 앞면 플랩 포켓; 마그네틱 스냅+드로스트링; 이탈리아 제조,https://images.mcmworldwide.com/i/mcmworldwide/MWKGATA01BK001_01?&fmt=auto&qlt=default,https://kr.mcmworldwide.com/ko_KR/MWKGATA01BK001.html,MWKGATA01BK001
S Aren 비세토스 드로우스트링 백팩,여성,핸드백 > 백팩·벨트백,"비세토스 모노그램 캔버스, 천연 가죽","약 13 x 29 x 32 cm / 스트랩 76~83cm, 핸들 8.5cm","Cognac, Soft Pink","₩1,650,000","""버클 하드웨어 장식""의 캐주얼 시크",길이 조절 숄더 스트랩 — 데일리·캠퍼스·여행,버클 하드웨어 장식과 천연 가죽 트림이 더해진 비세토스 모노그램 캔버스 드로우스트링 백팩,길이 조절 숄더 스트랩; 가죽 탑 핸들; 마그네틱 스냅+드로스트링; 자석 잠금 앞면 플랩 포켓; 제조국 대한민국,https://images.mcmworldwide.com/i/mcmworldwide/MWKFATA01CO001_01?&fmt=auto&qlt=default,https://kr.mcmworldwide.com/ko_KR/MWKFATA01CO001.html,MWKFATA01CO001
미니 Aren 비세토스 드로우스트링 백팩,여성,핸드백 > 백팩·벨트백,"비세토스 모노그램 캔버스, 천연 가죽",11 x 23 x 25 cm / 스트랩 85~96cm,Cognac,"₩1,490,000","""탈부착 가능한 체인 핸들""의 페미닌 캐주얼","""컨버터블 백팩"" — 백팩·숄더·체인 3way","탈부착 가능한 체인 핸들과 숄더 스트랩, 천연 가죽 트림이 더해진 비세토스 모노그램 캔버스 컨버터블 백팩",탈부착 숄더 스트랩; 가죽 탑 핸들; 탈착 체인 핸들; 앞면 플랩 포켓; 버클 장식; 제조국 대한민국,https://images.mcmworldwide.com/i/mcmworldwide/MWKFATA02CO001_01?&fmt=auto&qlt=default,https://kr.mcmworldwide.com/ko_KR/MWKFATA02CO001.html,MWKFATA02CO001
미니 Aren 비세토스 트라이엥글 크로스바디,여성,핸드백 > 클러치·파우치,"비세토스 모노그램 캔버스, 나파 가죽 트림",6 x 24 x 19 cm / 스트랩 104~128cm,Cognac,"₩790,000","""뮌헨 헤리티지 디자인""의 미니멀 캐주얼","""크로스바디 또는 벨트백으로 연출 가능"" — 가벼운 외출·페스티벌",나파 가죽 트림과 가죽 크로스바디 스트랩을 더한 비세토스 모노그램 캔버스 트라이앵글 백,분리형 조절 크로스바디 스트랩; 로고 황동 플레이트; 지퍼 클로저; 내부 카드 슬롯; 후면 가죽 벨트 루프,https://images.mcmworldwide.com/i/mcmworldwide/MYZGATA05CO001_01?&fmt=auto&qlt=default,https://kr.mcmworldwide.com/ko_KR/MYZGATA05CO001.html,MYZGATA05CO001
Aren 비세토스 크로스바디 파우치,여성,핸드백 > 클러치·파우치,"비세토스 모노그램 캔버스, 나파 가죽",약 2 x 26 x 15 cm / 스트랩 111.5~135.5cm,"Cognac, Black","₩690,000",슬림 실루엣의 데일리 미니멀,탈착·길이 조절 레더 스트랩 — 가벼운 외출·서브백,가죽 크로스바디 스트랩과 나파 가죽 트림이 더해진 비세토스 모노그램 캔버스 지퍼 파우치,탈착·길이 조절 레더 스트랩; 뒷면 외부 슬립 포켓; 지퍼 클로저; 내부 카드 슬롯; 코튼 트윌 안감; 제조국 대한민국,https://images.mcmworldwide.com/i/mcmworldwide/MYZGATA01CO001_01?&fmt=auto&qlt=default,https://kr.mcmworldwide.com/ko_KR/MYZGATA01CO001.html,MYZGATA01CO001
S Diamond 비세토스 레더 믹스 클러치,여성,핸드백 > 클러치·파우치,"비세토스 모노그램 캔버스, 카프스킨 레더",약 5 x 28 x 13 cm / 스트랩 115~131cm,Cognac,"₩1,050,000","""체인 스트랩과 카프스킨 레더 트림""의 세미 드레시",탈부착 체인 스트랩 — 이브닝·디너·행사,체인 스트랩과 카프스킨 레더 트림이 더해진 비세토스 모노그램 캔버스 클러치,탈부착·길이 조절 체인 스트랩; 뒷면 외부 슬립 포켓; 마그네틱 탭 클로저; 내부 슬립·지퍼 수납; 제조국 대한민국,https://images.mcmworldwide.com/i/mcmworldwide/MWCGAAK01CO001_01?&fmt=auto&qlt=default,https://kr.mcmworldwide.com/ko_KR/MWCGAAK01CO001.html,MWCGAAK01CO001
Aren 맥시 모노그램 레더 체인 크로스바디,여성,핸드백 > 클러치·파우치,천연 풀그레인 가죽,"약 5 x 20 x 11 cm / 스트랩 드롭 55cm, 핸들 드롭 20cm",Lotus Pink,"₩950,000","""엠보싱 처리된 맥시 모노그램""의 로맨틱 시크",체인 핸들 + 가죽 스트랩 2way — 데이트·이브닝,"엠보싱 처리된 맥시 모노그램과 체인 핸들, 가죽 스트랩이 더해진 천연 풀그레인 가죽 크로스바디 백",탈부착 레더 스트랩; 탈착 체인 핸들; 뒷면 외부 슬립 포켓; 16K 골드 도금 메탈 하드웨어; 제조국 대한민국,https://images.mcmworldwide.com/i/mcmworldwide/MYZGSTA07QA001_01?&fmt=auto&qlt=default,https://kr.mcmworldwide.com/ko_KR/MYZGSTA07QA001.html,MYZGSTA07QA001
Aren 그라데이션 비세토스 손목 스트랩 파우치,여성,핸드백 > 클러치·파우치,"비세토스 모노그램 캔버스, 천연 가죽",약 5 x 30 x 22 cm / 핸들 스트랩 드롭 21cm,Della Robbia Blue,"₩830,000","""그라데이션 모티프""의 모던 아티스틱","손목 스트랩 스탠딩 파우치 — 서류·태블릿 수납, 오피스",그라데이션 모티프에 가죽 손목 스트랩이 더해진 비세토스 모노그램 캔버스 스탠딩 지퍼 파우치,탈부착 가죽 손목 스트랩; 그라데이션 효과; 지퍼 클로저; 내부 지퍼 포켓; 실버톤 코발트 메탈 하드웨어,https://images.mcmworldwide.com/i/mcmworldwide/MYZGSTA04L8001_01?&fmt=auto&qlt=default,https://kr.mcmworldwide.com/ko_KR/MYZGSTA04L8001.html,MYZGSTA04L8001
M MCM X We The Best 비세토스 크로스바디 파우치,여성,핸드백 > 클러치·파우치,"비세토스 모노그램 캔버스 바디, 나파 가죽 트림, 코튼 트윌 안감",약 2 x 30 x 21 cm / 스트랩 60cm,Cognac,"₩850,000","""마이애미의 청량한 에너지를 연상시키는 선명한 블루 톤""의 협업 스트리트","""클러치로도 유연하게 연출할 수 있습니다"" — 크로스·클러치 2way","마이애미의 청량한 에너지를 연상시키는 선명한 블루 톤의 부드러운 나파 가죽 디테일이 돋보이는 협업 크로스바디 파우치로, 탈착 가능한 스트랩과 클러치로도 유연하게 연출할 수 있습니다.","탈착·길이 조절 크로스바디 스트랩; 탈착 ""We The Best"" 참; 히든 스냅 뒷면 포켓; 탑 지퍼; 제조국 대한민국",https://images.mcmworldwide.com/i/mcmworldwide/MYZGATA10CO001_01?&fmt=auto&qlt=default,https://kr.mcmworldwide.com/ko_KR/MYZGATA10CO001.html,MYZGATA10CO001
M 비세토스 오리지널 크로스바디 파우치,여성,핸드백 > 클러치·파우치,"비세토스 모노그램 코팅 캔버스, 천연 나파 가죽 트림, 코튼 트윌 안감",약 3 x 30 x 22 cm / 스트랩 60cm,Soft Pink,"₩730,000","""차분한 소프트 핑크 컬러""의 클래식 페미닌","""클러치 또는 크로스바디 스타일 착용 가능"" — 데일리·서브백",차분한 소프트 핑크 컬러로 디자인되었으며 넉넉한 코튼 트윌 소재의 내부와 귀중품을 보관할 수 있는 여러 개의 수납공간이 돋보이는 클래식 비세토스 모노그램 파우치,탈부착·조절 크로스바디 스트랩; 히든 스냅 뒷면 포켓; 상단 지퍼; 18K 금 도금 메탈 하드웨어; 제조국 대한민국,https://images.mcmworldwide.com/i/mcmworldwide/MYZAAVI02PZ001_01?&fmt=auto&qlt=default,https://kr.mcmworldwide.com/ko_KR/MYZAAVI02PZ001.html,MYZAAVI02PZ001
L Pina 스터드 장식 크로스바디 월렛,여성,지갑·레더소품,"100% 카프스킨(바디), 나파 가죽(트림)",4 x 20 x 11 cm / 스트랩 133~157cm,Black,"₩930,000","""메탈 스터드 장식과 나파 가죽 트림""의 미니멀 글램","""클러치 또는 크로스바디로 착용 가능"" — 지갑 겸 미니백",메탈 스터드 장식과 나파 가죽 트림이 돋보이는 그레인 가죽 크로스바디 월렛,탈부착·길이 조절 가죽 스트랩; 스냅 클로저; 내부 카드 슬롯·지폐·지퍼 수납; 24K 골드 도금 브라스 하드웨어,https://images.mcmworldwide.com/i/mcmworldwide/MYLGATA03BK001_01?&fmt=auto&qlt=default,https://kr.mcmworldwide.com/ko_KR/MYLGATA03BK001.html,MYLGATA03BK001
S Pina 스터드 장식 카프스킨 지갑,여성,지갑·레더소품,"100% 카프스킨(바디), 나파 가죽(트림)",약 3 x 11 x 8 cm (S),Black,"₩590,000","""골드 톤 메탈 스터드와 아이코닉한 로고 브라스 플레이트""의 컴팩트 글램",체인 스트랩 포함 컴팩트 월렛 — 데일리·미니백 수납,"메탈 스터드 장식과 나파 가죽 트림이 돋보이는 그레인 가죽 월렛으로, 골드 톤 메탈 스터드와 아이코닉한 로고 브라스 플레이트가 고급스러운 분위기를 더함",금속 로고 스터드; 로고 브라스 플레이트; 스냅 클로저; 내부 카드 슬롯·지퍼 포켓·체인 스트랩; 제조국 대한민국,https://images.mcmworldwide.com/i/mcmworldwide/MYSGAAF01BK001_01?&fmt=auto&qlt=default,https://kr.mcmworldwide.com/ko_KR/MYSGAAF01BK001.html,MYSGAAF01BK001
S Pina 스터드 장식 비세토스 지갑,여성,지갑·레더소품,"비세토스 모노그램 캔버스 바디, 나파 가죽 트림",약 3 x 11 x 8 cm (S),Cognac,"₩550,000","""하우스의 시그니처 코드""를 담은 헤리티지",컴팩트 월렛 — 데일리·미니백 수납,메탈 스터드 장식과 나파 가죽 트림이 돋보이는 비세토스 모노그램 지갑으로 골드 톤 메탈 스터드와 로고 브라스 플레이트로 하우스의 시그니처 코드를 담아냄,금속 로고 스터드; 로고 브라스 플레이트; 스냅 클로저; 내부 카드 슬롯·지퍼 포켓·체인 스트랩; 제조국 대한민국,https://images.mcmworldwide.com/i/mcmworldwide/MYSGATA01CO001_01?&fmt=auto&qlt=default,https://kr.mcmworldwide.com/ko_KR/MYSGATA01CO001.html,MYSGATA01CO001
L Aren 비세토스 크로스바디 월렛,여성,지갑·레더소품,"비세토스 모노그램 캔버스 바디, 천연 가죽 트림, 패브릭 안감",약 4 x 20 x 11 cm / 스트랩 55cm,"Cognac, Soft Pink","₩830,000","""브라스 로고 플레이트 클로저""의 클래식 캐주얼","탈착 가죽 스트랩 — 지갑 겸 크로스백, 가벼운 외출","브라스 로고 플레이트 클로저와 내추럴 가죽 트리밍, 탈부착 가능한 가죽 스트랩이 더해진 비세토스 모노그램 캔버스 크로스바디 월렛",탈착 가죽 스트랩; 뒷면 외부 포켓; 내부 카드 슬롯·지퍼 수납; 24K 금도금 브라스 하드웨어; 제조국 대한민국,https://images.mcmworldwide.com/i/mcmworldwide/MYLFATA01CO001_01?&fmt=auto&qlt=default,https://kr.mcmworldwide.com/ko_KR/MYLFATA01CO001.html,MYLFATA01CO001
Aren 비세토스 핸드폰 랜야드,여성,지갑·레더소품,"비세토스 모노그램 캔버스, 천연 가죽",약 4 x 20 x 11 cm / 스트랩 드롭 55cm,"Cognac, Soft Pink","₩890,000",핸즈프리 스트리트 캐주얼,"""아이폰 16 프로 맥스 수납 가능"" — 폰+카드만 들고 나가는 외출",가죽 랜야드 스트랩과 천연 가죽 트림이 더해진 비세토스 모노그램 캔버스 핸드폰 월렛,아이폰 16 프로 맥스 수납; 가죽 스트랩; 마그네틱 스냅 클로저; 내부 카드 슬롯; 지퍼 수납; 제조국 대한민국,https://images.mcmworldwide.com/i/mcmworldwide/MXZGSTA01CO001_01?&fmt=auto&qlt=default,https://kr.mcmworldwide.com/ko_KR/MXZGSTA01CO001.html,MXZGSTA01CO001
Aren 엠보스드 모노그램 레더 크로스바디 지갑,여성,지갑·레더소품,풀 그레인 나파 레더,약 4 x 21 x 11 cm / 스트랩 드롭 55cm,Black,"₩990,000","""엠보싱 비세토스 모노그램""의 톤온톤 미니멀","""iPhone 17 Pro Max 수납 가능"" — 폰 월렛, 핸즈프리 외출",엠보싱 비세토스 모노그램과 가죽 스트랩이 더해진 풀그레인 레더 폰 월렛,iPhone 17 Pro Max 수납; 가죽 스트랩; 마그네틱 스냅 클로저; 내부 카드 슬롯; 다크 메탈 하드웨어; 제조국 대한민국,https://images.mcmworldwide.com/i/mcmworldwide/MXZGATA04BK001_01?&fmt=auto&qlt=default,https://kr.mcmworldwide.com/ko_KR/MXZGATA04BK001.html,MXZGATA04BK001
M Aren 비세토스 브라스 플레이트 지갑,여성,지갑·레더소품,"비세토스 모노그램 캔버스(바디), 천연 가죽(트림), 나파 가죽(내부), 패브릭 안감",4 x 12 x 9 cm (미니/S/M),"Cognac, Cinnamon, Black, Soft Pink","₩490,000","""뮌헨 하우스 여행용 트렁크 영감""의 헤리티지",컴팩트 지갑 — 데일리·선물,로고가 더해진 브라스 플레이트 장식과 천연 가죽 트림이 더해진 비세토스 모노그램 캔버스 지갑,뒷면 외부 슬립 포켓; 지퍼 수납; 로고 브라스 플레이트 스냅 클로저; 지폐 수납; 내부 카드 슬롯,https://images.mcmworldwide.com/i/mcmworldwide/MYSGSTA01CO001_01?&fmt=auto&qlt=default,https://kr.mcmworldwide.com/ko_KR/MYSGSTA01CO001.html,MYSGSTA01CO001
L Aren 엠보스드 모노그램 레더 체인 월렛,여성,지갑·레더소품,천연 풀 그레인 레더,3 x 20 x 11 cm / 스트랩 드롭 55cm,Lotus Pink,"₩990,000","""엠보싱 처리된 비세토스 모노그램 모티프""의 소프트 페미닌",탈부착 스트랩 — 지갑 겸 미니 크로스백,엠보싱 처리된 비세토스 모노그램 모티프가 돋보이는 내추럴 풀그레인 레더 월릿으로 브라스 플레이트 클로저와 탈부착 가능한 스트랩이 특징,탈부착 스트랩; 브라스 플레이트 스냅; 카드 슬롯; 내부 지퍼 포켓; 16K 골드 도금 메탈 하드웨어; 제조국 대한민국,https://images.mcmworldwide.com/i/mcmworldwide/MYLGSTA01QA001_01?&fmt=auto&qlt=default,https://kr.mcmworldwide.com/ko_KR/MYLGSTA01QA001.html,MYLGSTA01QA001
Ottomar 다이아몬드 퀼팅 레더 위켄더,남성,가방 > 위켄더·더플,나파 레더,55cm / 22인치 (약 16 x 55 x 35 cm),Black,"₩3,250,000","""로고 브라스 플레이트와 다이아몬드 퀼팅으로 품격을 더한"" 포멀 트래블",위켄더 — 1~2박 출장·주말 여행,로고 브라스 플레이트와 다이아몬드 퀼팅으로 품격을 더한 나파 가죽 위켄더 백,"가죽 핸들; 퀼팅 다이아몬드 모티프; 바닥 ""MCM"" 로고 스티칭; 양방향 지퍼; 무광 블랙 메탈 하드웨어; 리사이클 코튼 라이닝; 이탈리아 제조",https://images.mcmworldwide.com/i/mcmworldwide/MMVGATT04BK001_01?&fmt=auto&qlt=default,https://kr.mcmworldwide.com/ko_KR/MMVGATT04BK001.html,MMVGATT04BK001
Aren 다이아몬드 퀼팅 레더 백팩,남성,가방 > 백팩,"나파 가죽(바디), 리사이클 코튼(안감), 무광 블랙 메탈",약 20 x 29 x 45 cm,Black,"₩2,690,000","""백팩을 한층 세련된 실루엣으로 완성한"" 비즈니스 캐주얼","""13인치 노트북 수납 내부 슬리브"" — 출근·비즈니스",다이아몬드 모티프 퀼딩 나파가죽 백팩. 백팩을 한층 세련된 실루엣으로 완성한 최신 Aren 백팩은 최고급 나파 가죽에 적용된 바이에른 다이아몬드 퀼팅 패턴을 통해 하우스의 뛰어난 장인정신을 보여줍니다.,길이 조절 숄더 스트랩; 가죽 탑 핸들; 로고 브라스 플레이트; 양방향 지퍼; 13인치 노트북 슬리브; 이탈리아 제조,https://images.mcmworldwide.com/i/mcmworldwide/MMKGATA01BK001_01?&fmt=auto&qlt=default,https://kr.mcmworldwide.com/ko_KR/MMKGATA01BK001.html,MMKGATA01BK001
Aren 다이아몬드 퀼팅 레더 크로스바디,남성,가방 > 크로스백,나파 레더,약 15 x 21 x 10 cm,Black,"₩1,550,000","""다이아몬드 퀼팅과 로고 브라스 플레이트로 클래식함을 더한"" 모던 미니멀",헤링본 웨빙 스트랩 — 가벼운 외출·데일리,다이아몬드 퀼팅과 로고 브라스 플레이트로 클래식함을 더한 나파 가죽 크로스바디 백,탈부착·길이 조절 헤링본 웨빙 스트랩; 다이아몬드 퀼팅; 양방향 지퍼; 알루미늄 하드웨어; 이탈리아 제조,https://images.mcmworldwide.com/i/mcmworldwide/MMRGATA05BK001_01?&fmt=auto&qlt=default,https://kr.mcmworldwide.com/ko_KR/MMRGATA05BK001.html,MMRGATA05BK001
Aren 엠보스드 모노그램 레더 슬링백,남성,가방 > 크로스백,나파 레더,9 x 21 x 37 cm / 스트랩 66.5~116cm,Black,"₩1,550,000","""자유로운 움직임을 고려한 세련된 실루엣""의 액티브 스트리트",싱글 스트랩 슬링백 — 이동 많은 날·라이딩·여행,엠보싱 비세토스 모노그램 모티프가 돋보이는 레더 슬링백으로 클래식 디자인의 싱글 스트랩으로 자유로운 움직임을 고려한 세련된 실루엣을 완성했습니다.,길이 조절 패브릭 웨빙 스트랩; 엠보스드 비세토스 모노그램; 앞면 지퍼 포켓; 양방향 지퍼; 이탈리아 제조,https://images.mcmworldwide.com/i/mcmworldwide/MMLGATA02BK001_01?&fmt=auto&qlt=default,https://kr.mcmworldwide.com/ko_KR/MMLGATA02BK001.html,MMLGATA02BK001
MCM X We The Best Stark 비세토스 백팩,남성,가방 > 백팩,"비세토스 모노그램 캔버스, 울트라스웨이드 트리밍, 극세사 안감",약 15 x 32 x 44 cm / 스트랩 74~88cm,Cognac,"₩1,950,000","""시그니처 Stark 백팩을 고급 울트라스웨이드 소재로 재해석한 익스클루시브 에디션"" — 리미티드 스트리트","""13인치 노트북 및 태블릿 수납 내부 슬리브"" — 출근·캠퍼스",시그니처 Stark 백팩을 고급 울트라스웨이드 소재로 재해석한 익스클루시브 에디션,"길이 조절 숄더 스트랩; 탑 핸들; 탈착 ""We The Best"" 참; 앞면·옆면 지퍼 수납; 13인치 노트북·태블릿 슬리브; 리미티드 에디션",https://images.mcmworldwide.com/i/mcmworldwide/MMKGAVE10CO001_01?&fmt=auto&qlt=default,https://kr.mcmworldwide.com/ko_KR/MMKGAVE10CO001.html,MMKGAVE10CO001
MCM X We The Best Ottomar 비세토스 위켄더 백,남성,가방 > 위켄더·더플,"비세토스 모노그램 캔버스 바디, 나파 가죽 트림, 코튼 트윌 안감","약 23 x 51 x 29 cm / 스트랩 75~132cm, 핸들 드롭 13.5cm",Cognac,"₩2,290,000","""회복력과 자기 신념의 메시지""를 담은 협업 트래블","""캐리어 손잡이에 끼울 수 있는 밴드"" — 출장·주말 여행","MCM과 We The Best의 협력으로 제작된 오토마 위켄더 백으로, 회복력과 자기 신념의 메시지를 담고 있으며 비세토스 모노그램 캔버스와 마이애미를 오마주한 블루 톤 나파 가죽 디테일이 특징입니다.",탈착·길이 조절 웨빙 스트랩; 가죽 탑 핸들; 탈착 참·메탈 자물쇠와 키; 양방향 지퍼; 캐리어 밴드; 폴더블 디자인,https://images.mcmworldwide.com/i/mcmworldwide/MMVGATT08CO001_01?&fmt=auto&qlt=default,https://kr.mcmworldwide.com/ko_KR/MMVGATT08CO001.html,MMVGATT08CO001
M Aren 노바 모노그램 ECONYL® 백팩,남성,가방 > 백팩,"ECONYL® 재생 나일론, 나일론 트림, 패브릭 안감",9 x 31 x 43 cm / 스트랩 77~92cm,Black,"₩1,450,000","""브라스 로고 플레이트와 비세토스 모노그램 모티프""의 스포티 미니멀",경량 나일론 백팩 — 출퇴근·캠퍼스·데일리,브라스 로고 플레이트와 비세토스 모노그램 모티프가 더해진 ECONYL® 재생 나일론 백팩,길이 조절 숄더 스트랩; 로고 브라스 플레이트; 지퍼 클로저; 내부 지퍼 포켓; 다크 실버톤 코발트 하드웨어; 제조국 대한민국,https://images.mcmworldwide.com/i/mcmworldwide/MMKGATA02BK001_01?&fmt=auto&qlt=default,https://kr.mcmworldwide.com/ko_KR/MMKGATA02BK001.html,MMKGATA02BK001
M Aren 노바 나일론 백팩,남성,가방 > 백팩,"폴리에스터 100%(바디), 나일론 100%(트림)",약 9 x 31 x 43 cm / 스트랩 77~92cm,Multi,"₩1,450,000","""멀티컬러 나일론""의 스포티 캐주얼",경량 백팩 — 데일리·캠퍼스,브라스 로고 플레이트가 더해진 멀티컬러 나일론 백팩,길이 조절 숄더 스트랩; 로고 브라스 플레이트; 지퍼 클로저; 내부 지퍼 포켓; 패브릭 안감; 제조국 대한민국,https://images.mcmworldwide.com/i/mcmworldwide/MMKGATA03MT001_01?&fmt=auto&qlt=default,https://kr.mcmworldwide.com/ko_KR/MMKGATA03MT001.html,MMKGATA03MT001
S-M Aren 노바 나일론 토트,남성,가방 > 토트백,100% 나일론 (ECONYL® 재생 나일론 사용),약 12 x 32 x 39 cm / 핸들 드롭 21cm,Black,"₩990,000","""미니멀리즘을 통해 클래식한 디자인을 새롭게 재해석""한 모던 미니멀",경량 나일론 토트 — 출퇴근·데일리·서브백,"브라스 로고 플레이트와 D링 디테일이 더해진 나일론 토트백으로, 미니멀리즘을 통해 클래식한 디자인을 새롭게 재해석하였습니다.",핸들 스트랩; 로고 브라스 플레이트; D링 참 디테일; 다크 실버톤 코발트 하드웨어; ECONYL® 재생 나일론; 제조국 대한민국,https://images.mcmworldwide.com/i/mcmworldwide/MMTGATA03BK001_01?&fmt=auto&qlt=default,https://kr.mcmworldwide.com/ko_KR/MMTGATA03BK001.html,MMTGATA03BK001
Stark 사이드 스터드 비세토스 백팩 (Cinnamon),남성,가방 > 백팩,"비세토스 모노그램 캔버스, 나파 레더",약 11 x 25 x 31 cm / 스트랩 76~91cm,"Cinnamon, Black, Cognac, Beige, White, Soft Pink, Khaki Moss","₩1,650,000","""피라미드 스터드 장식""의 시그니처 스트리트","""태블릿용 내부 슬리브"" — 데일리·캠퍼스",피라미드 스터드 장식과 가죽 트림이 돋보이는 비세토스 모노그램 캔버스 백팩,길이 조절 숄더 스트랩; 가죽 탑 핸들; 앞면 지퍼 포켓; 측면 스터드 포켓; 태블릿 슬리브; 24K 골드 도금 브라스 하드웨어,https://images.mcmworldwide.com/i/mcmworldwide/MMKGSVE034B001_01?&fmt=auto&qlt=default,https://kr.mcmworldwide.com/ko_KR/MMKGSVE034B001.html,MMKGSVE034B001
Stark 사이드 스터드 비세토스 백팩 (Cognac),남성,가방 > 백팩,"비세토스 모노그램 캔버스, 천연 나파 가죽 트림, 인조 나파 안감","약 13 x 26 x 33 cm / 스트랩 74~90cm, 핸들 드롭 7cm","Cognac, Black, Beige, White, Soft Pink, Khaki Moss, Cinnamon","₩1,650,000","""피라미드 모양 스터드 장식""의 시그니처 스트리트","""기기와 서류를 품격 있게 정리"" — 출근·비즈니스 캐주얼","피라미드 모양 스터드 장식과 천연 나파 가죽 트림이 특징인 비세토스 모노그램 캔버스 백팩으로, 기기와 서류를 품격 있게 정리할 수 있습니다.",조절 어깨 스트랩; 가죽 손잡이; 전면 지퍼 수납; 외부 사이드 포켓; 내부 포켓·태블릿 슬리브; 24K 도금 금속 장식,https://images.mcmworldwide.com/i/mcmworldwide/MMKEAVE15CO001_01?&fmt=auto&qlt=default,https://kr.mcmworldwide.com/ko_KR/MMKEAVE15CO001.html,MMKEAVE15CO001
Stark 맥시 모노그램 레더 백팩,남성,가방 > 백팩,이탈리안 풀 그레인 레더,약 14 x 28 x 35 cm / 스트랩 75~89cm,"Black, Navy Blazer","₩2,090,000","""엠보싱 처리된 맥시 비세토스 모노그램""의 레더 포멀",패딩 백 패널 — 출근·비즈니스,엠보싱 처리된 맥시 비세토스 모노그램 모티프가 돋보이는 내추럴 풀그레인 레더 백팩,로고 우븐 패브릭 숄더 스트랩; 가죽 탑 핸들; 앞면 지퍼 포켓; 외부 사이드 슬립 포켓; 패딩 백 패널; 이탈리아 제조,https://images.mcmworldwide.com/i/mcmworldwide/MMKGSVE04BK001_01?&fmt=auto&qlt=default,https://kr.mcmworldwide.com/ko_KR/MMKGSVE04BK001.html,MMKGSVE04BK001
비세토스 오리지널 카드 케이스 반지갑,남성,지갑·레더소품,"비세토스 모노그램 캔버스, 나파 가죽 트림",약 2 x 12 x 9 cm,"Cognac, Black","₩490,000","""뛰어난 가죽 제품을 제작하는 MCM의 헤리티지""를 반영한 클래식",탈부착 카드 케이스 — 데일리·선물,탈부착 가능한 카드 케이스가 있는 모노그램 반지갑으로 뛰어난 가죽 제품을 제작하는 MCM의 헤리티지를 반영했습니다.,지폐 슬리브; 탈부착 카드 케이스; 나파 가죽 트림; 모노그램 코티드 캔버스; 패브릭 라이닝; 제조국 대한민국,https://images.mcmworldwide.com/i/mcmworldwide/MXSFATA03CO001_01?&fmt=auto&qlt=default,https://kr.mcmworldwide.com/ko_KR/MXSFATA03CO001.html,MXSFATA03CO001
S Aren 비세토스 카드 케이스가 더해진 반지갑,남성,지갑·레더소품,"비세토스 모노그램 캔버스 바디, 천연 나파 가죽 트림, 패브릭 안감",약 3 x 12 x 9 cm (S),카키 모스,"₩490,000",천연 가죽 트림의 모던 클래식,탈착 카드 케이스 — 데일리·선물,천연 가죽 트림과 탈착가능한 카드 케이스가 더해진 비세토스 모노그램 캔버스 반지갑,지폐 수납; 내부 포켓; 내부 카드 슬롯; 탈착 카드 케이스; 제조국 대한민국,https://images.mcmworldwide.com/i/mcmworldwide/MXSFATA01K8001_01?&fmt=auto&qlt=default,https://kr.mcmworldwide.com/ko_KR/MXSFATA01K8001.html,MXSFATA01K8001
S 비세토스 반지갑,남성,지갑·레더소품,"비세토스 모노그램 캔버스(바디), 천연 가죽(트림), 패브릭 안감",약 2 x 11 x 9 cm (S),"Cognac, Black","₩410,000","""MCM의 헤리티지를 담은"" 클래식 미니멀","""다수의 카드 슬롯을 갖춘 실용적인 디자인"" — 데일리",MCM의 헤리티지를 담은 모노그램 반지갑으로 부드러운 가죽 내부와 다수의 카드 슬롯을 갖춘 실용적인 디자인,내부 카드 슬롯; 지폐 수납; 내부 포켓; 제조국 대한민국; 최종 세일 상품,https://images.mcmworldwide.com/i/mcmworldwide/MXSFATA04CO001_01?&fmt=auto&qlt=default,https://kr.mcmworldwide.com/ko_KR/MXSFATA04CO001.html,MXSFATA04CO001
미니 비세토스 오리지널 머니 클립 카드 케이스,남성,지갑·레더소품,"비세토스 코티드 캔버스, 나파 가죽, 24K 도금 메탈",약 1 x 11 x 8 cm (미니),"Cognac, Black","₩310,000","""클래식한 머니 클립 카드케이스""의 컴팩트 포멀","""컴팩트한 액세서리에 카드와 현금을 안전하게 보관"" — 슬림 포켓 수납·선물",컴팩트한 액세서리에 카드와 현금을 안전하게 보관하세요. 시그니처 비세토스 코티드 캔버스와 나파 가죽으로 제작한 클래식한 머니 클립 카드케이스입니다.,현금·영수증용 중앙 포켓; 24K 도금 메탈 로고 머니 클립; 뒷면 포켓; 나파 가죽 트림; 제조국 대한민국,https://images.mcmworldwide.com/i/mcmworldwide/MXCAAVI02CO001_01?&fmt=auto&qlt=default,https://kr.mcmworldwide.com/ko_KR/MXCAAVI02CO001.html,MXCAAVI02CO001
41cm Ottomar 맥시 비세토스 위켄더,공용,트래블,"맥시 비세토스 모노그램 캔버스, 나파 가죽 트림",41cm / 16.14인치 (약 17 x 41 x 26 cm) / 스트랩 72~127cm,Cinnamon,"₩1,750,000","""가죽 커버 메탈 패드락""의 헤리티지 트래블","""후면 외부 가죽 트롤리 슬리브"" — 캐리어 결합, 출장·여행","나파 가죽 트림이 더해진 맥시 비세토스 모노그램 캔버스 위켄더 백으로, 가죽 행 태그와 키가 포함된 가죽 커버 메탈 패드락이 특징",탈부착·길이 조절 헤링본 웨빙 스트랩; 가죽 탑 핸들; 탈착 가죽 태그·메탈 자물쇠; 트롤리 슬리브; 보호 금속 발; 제조국 대한민국,https://images.mcmworldwide.com/i/mcmworldwide/MMVGATT024B001_01?&fmt=auto&qlt=default,https://kr.mcmworldwide.com/ko_KR/MMVGATT024B001.html,MMVGATT024B001
Ottomar 비세토스 위켄더,공용,트래블,"비세토스 모노그램 캔버스(바디), 나파 가죽(트림)",41cm / 45cm / 50.5cm / 55cm (약 17 x 41 x 26 cm 기준),Soft Pink,"₩1,750,000","""나파 가죽 트림""의 클래식 트래블","""양방향 확장형 지퍼 클로저"" + 트롤리 슬리브 — 여행·출장",나파 가죽 트림이 더해진 비세토스 모노그램 캔버스 위켄더 백,탈부착 위빙 스트랩; 가죽 탑 핸들; 분리 가능 러기지 태그·패드락; 외부 트롤리 슬리브; 확장형 지퍼; 16K 골드 도금 메탈 하드웨어,https://images.mcmworldwide.com/i/mcmworldwide/MMVGATT01PZ001_01?&fmt=auto&qlt=default,https://kr.mcmworldwide.com/ko_KR/MMVGATT01PZ001.html,MMVGATT01PZ001
Ottomar 비세토스 여권 케이스,공용,트래블,"비세토스 모노그램 캔버스, 천연 가죽 트림, 패브릭 안감",2 x 10 x 15 cm (프리 사이즈),"Cinnamon, Black, Cognac","₩430,000","""천연 가죽 트림이 돋보이는"" 트래블 클래식",패스포트 슬리브·카드 슬롯·지폐 수납 — 해외여행 필수 소품,천연 가죽 트림이 돋보이는 비세토스 모노그램 캔버스 여권 케이스,패스포트 슬리브; 카드 슬롯; 지퍼 수납; 지폐 수납; 내부 사이드 포켓; 바이폴드; 제조국 대한민국,https://images.mcmworldwide.com/i/mcmworldwide/MXVFATT014B001_01?&fmt=auto&qlt=default,https://kr.mcmworldwide.com/ko_KR/MXVFATT014B001.html,MXVFATT014B001
Ottomar 비세토스 트래블 파우치,공용,트래블,"비세토스 모노그램 캔버스, 레더 트림",약 2 x 18 x 12 cm / 핸들 드롭 18cm,Cinnamon,"₩430,000",가죽 손목 스트랩의 실용 트래블,지퍼-어라운드 파우치 — 여행 소품 정리·기내 수납,가죽 손목 스트랩과 가죽 트림이 돋보이는 비세토스 모노그램 캔버스 트래블 파우치,탈부착 가죽 손목 스트랩; 지퍼-어라운드 클로저; 내부 카드 슬롯; 24K 골드 도금 브라스 하드웨어; 제조국 대한민국,https://images.mcmworldwide.com/i/mcmworldwide/MXZGATT024B001_01?&fmt=auto&qlt=default,https://kr.mcmworldwide.com/ko_KR/MXZGATT024B001.html,MXZGATT024B001
L Aren 비세토스 코스메틱 파우치,공용,트래블,"비세토스 모노그램 캔버스 바디, 천연 가죽 트림, 극세사 스웨이드 안감","약 7 x 24 x 16 cm (M, L)","Cognac, Soft Pink","₩590,000","""바이에른 다이아몬드에서 영감을 받은 가죽 패치로 세련미와 장인 정신을 한층 강조""","""뷰티 및 트래블 용품 수납용"" — 여행·데일리 파우치","뷰티 및 트래블 용품 수납용 라지 'Aren' 코스메틱 파우치. 시그니처 로고 브라스 플레이트 하드웨어가 전통적 감성을 더하며, 마이크로화이버 스웨이드 내부에는 바이에른 다이아몬드에서 영감을 받은 가죽 패치로 세련미와 장인 정신을 한층 강조했습니다.",로고 브라스 플레이트; 지퍼 클로저; 내부 슬립 포켓; 다이아몬드 가죽 패치; 제조국 대한민국,https://images.mcmworldwide.com/i/mcmworldwide/MYZGSTA01CO001_01?&fmt=auto&qlt=default,https://kr.mcmworldwide.com/ko_KR/MYZGSTA01CO001.html,MYZGSTA01CO001
Ottomar 인조 퍼와 비세토스 Mars Dog 보틀 홀더,공용,패션소품,"비세토스 모노그램 캔버스, 나파 가죽, 인조 퍼",약 10 x 10 x 17 cm / 스트랩 드롭 60cm (프리 사이즈),Cognac,"₩870,000","""마스 도그 인조 퍼 인형""의 플레이풀 스트리트",보틀 홀더 — 산책·페스티벌·데일리 텀블러 휴대,"나파 가죽 트림과 탈착 가능한 가죽 스트랩, 마스 도그 인조 퍼 인형이 더해진 비세토스 모노그램 캔버스 보틀 홀더",탈부착 레더 스트랩; 인조 퍼 Mars dog 인형 포함; 드로우 스트링 클로저; 메탈 스터드; 100% 나일론 안감,https://images.mcmworldwide.com/i/mcmworldwide/MXZGATT03CO001_01?&fmt=auto&qlt=default,https://kr.mcmworldwide.com/ko_KR/MXZGATT03CO001.html,MXZGATT03CO001
Aren 페이크 퍼 비세토스 Mars Dog 참,공용,패션소품,"비세토스 모노그램 캔버스, 페이크 퍼",약 9 x 17 x 13 cm / 스트랩 드롭 19cm (프리 사이즈),Blue Ceramic,"₩410,000",플레이풀 백참 — 캐주얼 포인트,"가방 참·키링 — 백 스타일링 포인트, 선물",비세토스 모노그램 캔버스 트리밍을 더한 인조 퍼 마스도그 참. 로고 각인 키링과 가죽 스트랩 구성,가죽 스트랩; 로고 각인 키링 잠금; 24K 골드 도금 브라스 하드웨어; 프리 사이즈; 제조국 대한민국,https://images.mcmworldwide.com/i/mcmworldwide/MXZGATA111I001_01?&fmt=auto&qlt=default,https://kr.mcmworldwide.com/ko_KR/MXZGATA111I001.html,MXZGATA111I001
비세토스 레더 믹스 M50 로고 참,공용,패션소품,"앞면 나파 가죽, 뒷면 비세토스 모노그램 캔버스",약 7 x 7 cm / 스트랩 드롭 19cm,Blue Ceramic,"₩230,000","""50주년 기념 로고 모티프""의 헤리티지 포인트","가방 참·키링 — 백 포인트, 기념·선물","50주년 기념 로고 모티프를 담은 양면 가죽 참으로, 비세토스 캔버스 트리밍과 키링, 가죽 스트랩을 더해 완성되었습니다.",가죽 스트랩; 50주년 MCM 로고 모티프; 키링 클래스프; 실버톤 코발트 메탈 하드웨어; 제조국 대한민국,https://images.mcmworldwide.com/i/mcmworldwide/MXZGATA161I001_01?&fmt=auto&qlt=default,https://kr.mcmworldwide.com/ko_KR/MXZGATA161I001.html,MXZGATA161I001
Disco 모노그램 스카프,공용,패션소품,"면 80%, 실크 20%",약 65 x 65 cm,AW26 Sangria Sunset,"₩330,000","""MCM 디스코 아트워크""의 레트로 컬러풀",스카프 — 목·가방 스타일링 포인트,MCM 디스코 모노그램 아트워크와 정교한 핸드 스티치로 완성한 코튼 실크 스카프,"정교한 핸드 스티치; ""MCM Disco"" 아트워크; 다이아몬드 모노그램 모티브; 이탈리아 제조; 드라이클리닝 권장",https://images.mcmworldwide.com/i/mcmworldwide/MEFGAMM03Q7001_01?&fmt=auto&qlt=default,https://kr.mcmworldwide.com/ko_KR/MEFGAMM03Q7001.html,MEFGAMM03Q7001
M50 로고 실크 스카프,공용,패션소품,실크 100%,약 90 x 90 cm,Black,"₩490,000","""로렐 엠블럼을 감각적으로 재해석""한 헤리티지 클래식","라지 실크 스카프 — 목·헤어·가방 연출, 포멀","뮌헨 하우스의 50주년을 기념하여 제작된 부드러운 실크 스카프입니다. 브랜드의 상징인 로렐 엠블럼을 감각적으로 재해석하고, 설립 연도인 '1976'를 더해 특별함을 더했습니다.",MCM 1976 라우렐 로고 모티프; 이탈리아 제조; 드라이클리닝 권장,https://images.mcmworldwide.com/i/mcmworldwide/MEFGAMM09BK001_01?&fmt=auto&qlt=default,https://kr.mcmworldwide.com/ko_KR/MEFGAMM09BK001.html,MEFGAMM09BK001
애니멀 패턴 실크 스카프,공용,패션소품,실크 100%,약 90 x 90 cm,Cognac,"₩490,000","""얼룩말, 호랑이, 레오파드 패턴이 어우러져 독창적인 디자인"" — 볼드 스테이트먼트",라지 실크 스카프 — 아우터·가방 포인트,"애니멀 프린트와 비세토스 시그니처 모노그램이 조화를 이루는 실크 스카프로 얼룩말, 호랑이, 레오파드 패턴이 어우러져 독창적인 디자인을 완성",애니멀 프린트·비세토스 모노그램 프린트; MCM 로고 모티프; 이탈리아 제조; 드라이클리닝 권장,https://images.mcmworldwide.com/i/mcmworldwide/MEFGAMM10CO001_01?&fmt=auto&qlt=default,https://kr.mcmworldwide.com/ko_KR/MEFGAMM10CO001.html,MEFGAMM10CO001
모노그램 프린트 트라이엥글 실크 스카프,공용,패션소품,실크 100%,약 70 x 70 cm (프리 사이즈),Cognac,"₩390,000","""삼각형 실루엣""의 캐주얼 시크",트라이앵글 스카프 — 넥·헤어 스타일링,비세토스 모노그램 프린트와 MCM 로고 모티프가 어우러진 삼각형 실루엣 실크 스카프,비세토스 모노그램 프린트; MCM 로고 스트라이프 모티프; 드라이클리닝; 이탈리아 제조,https://images.mcmworldwide.com/i/mcmworldwide/MEFGAMM11CO001_01?&fmt=auto&qlt=default,https://kr.mcmworldwide.com/ko_KR/MEFGAMM11CO001.html,MEFGAMM11CO001
Disco 로고 자수 코튼 트윌 캡,공용,패션소품,코튼 100%,프리 사이즈,Black,"₩370,000","""1970년대 디스코 황금기의 헤리티지를 담은 디자인"" — 레트로 캐주얼",뒷면 조절 스트랩 — 데일리 캐주얼·아웃도어,"""MCM Disco"" 자수 패치가 더해진 코튼 트윌 캡으로, 1970년대 디스코 황금기의 헤리티지를 담은 디자인","""MCM Disco"" 패치 자수; 뒷면 조절 스트랩; 코냑 컬러 테두리; 이탈리아 제조",https://images.mcmworldwide.com/i/mcmworldwide/MECGAMM01BK001_01?&fmt=auto&qlt=default,https://kr.mcmworldwide.com/ko_KR/MECGAMM01BK001.html,MECGAMM01BK001
향수 컬렉션 기프트 세트,공용,패션소품 > 뷰티,-,10ml 미니 4개 세트,Cognac,"₩110,000","""뮌헨 하우스의 아이코닉한 동물 캐릭터에서 영감"" — 플레이풀",유니섹스 향수 미니 세트 — 선물·여행용,뮌헨 하우스의 아이코닉한 동물 캐릭터에서 영감을 받은 다양한 향들로 구성된 컬렉션,유니섹스 향수; 골드톤 하드웨어; 동물 피규어 포함; 코지 캣(우디 플로럴); 차밍 펍(플로럴 우디 오리스); 졸리 레빗(시트러스 플로럴 그린); 마이티 베어(엠버 우디 플로럴); 이탈리아 제조,https://images.mcmworldwide.com/i/mcmworldwide/MPFGAMM06CO001_01?&fmt=auto&qlt=default,https://kr.mcmworldwide.com/ko_KR/MPFGAMM06CO001.html,MPFGAMM06CO001
모노그램 플록 포켓 웨스턴 셔츠,여성,의류 > 셔츠,"레이온 35%, 폴리에스테르 65%","40 IT, 42 IT, 44 IT",Della Robbia Blue,"₩690,000","""웨스턴 스타일 어깨 패널""의 레트로 웨스턴",레귤러 핏 긴팔 셔츠 — 데일리·캐주얼 오피스,웨스턴 스타일 어깨 패널과 비세토스 모노그램 프린트 포켓으로 포인트를 더한 여성용 긴팔 셔츠,웨스턴 어깨 패널; 버튼 클로저·버튼 커프스; 비세토스 모노그램 플록 프린트 가슴 포켓; 레귤러 핏; 제조국 대한민국,https://images.mcmworldwide.com/i/mcmworldwide/MFHGAMM02L8040_01?&fmt=auto&qlt=default,https://kr.mcmworldwide.com/ko_KR/MFHGAMM02L8040.html,MFHGAMM02L8040
루렉스 데님 플레어 팬츠,여성,의류 > 팬츠,"코튼 66.2%, 폴리에스테르 22.8%, 금속 코팅 섬유 11%","38 IT, 40 IT, 42 IT",Indigo,"₩830,000","""70년대 및 디스코 문화 영감"" + ""메탈릭 루렉스 섬유로 은은한 광택"" — 레트로 글램",슬림 핏 플레어 데님 — 파티·나이트아웃·주말,로고 각인 메탈 하드웨어와 비세토스 모노그램 패치를 더한 여성용 슬림 핏 플레어 데님 팬츠,메탈릭 루렉스 광택; 로고 각인 메탈 버튼·다이아몬드 스터드; 5포켓; 뒷면 비세토스 패치; 슬림 핏; 제조국 대한민국,https://images.mcmworldwide.com/i/mcmworldwide/MFPGAMM04LI038_01?&fmt=auto&qlt=default,https://kr.mcmworldwide.com/ko_KR/MFPGAMM04LI038.html,MFPGAMM04LI038
디스코 시퀸 티셔츠,여성,의류 > 티셔츠,100% 오가닉 면 (GOTS 인증),"S, M, L",White,"₩450,000","""시퀸 장식 'MCM 디스코' 로고 모티브"" — 스팽글 파티 무드",레귤러 핏 티셔츠 — 데일리·나이트아웃,"시퀸 장식 ""MCM 디스코"" 로고 모티브를 더한 여성용 오가닉 코튼 저지 티셔츠",스팽글 장식 로고; 100% 오가닉 면; 리브 니트 트림; 레귤러 핏; GOTS 인증; 제조국 대한민국,https://images.mcmworldwide.com/i/mcmworldwide/MFTGAMM01WT00L_01?&fmt=auto&qlt=default,https://kr.mcmworldwide.com/ko_KR/MFTGAMM01WT00L.html,MFTGAMM01WT00L
M 루렉스 데님 오버올 스커트,여성,의류 > 스커트,"코튼 66.2%, 폴리에스테르 22.8%, 금속 코팅 섬유 11%","XS, S, M",Indigo,"₩890,000","""메탈릭 루렉스 섬유로 은은한 광택""의 레트로 데님",오버올 스커트 — 주말·페스티벌·캐주얼,로고 각인 메탈 하드웨어와 실리콘 MCM 로고 플레이트로 감각을 더한 여성용 루렉스 데님 오버롤 스커트,실리콘 MCM 로고 플레이트 가슴 포켓; 앞·뒤 포켓; 뒷면 비세토스 패치; 로고 각인 버튼·스터드; 제조국 대한민국,https://images.mcmworldwide.com/i/mcmworldwide/MFKGAMM01LI00M_01?&fmt=auto&qlt=default,https://kr.mcmworldwide.com/ko_KR/MFKGAMM01LI00M.html,MFKGAMM01LI00M
루렉스 데님 모노그램 포켓 셔츠,여성,의류 > 셔츠,"코튼 66.2%, 폴리에스테르 22.8%, 금속 코팅 섬유 11%","46 IT, 48 IT, 50 IT",Indigo,"₩830,000","""오버사이즈 인디고 데님""의 유니섹스 캐주얼",오버사이즈 핏 데님 셔츠 — 레이어드·주말,메탈릭 루렉스 섬유를 직조해 은은한 광택을 더한 오버사이즈 인디고 데님 셔츠,가슴 포켓 비세토스 모노그램 자수; 메탈 로고 버튼; 버튼 커프스; 스터드 장식 칼라; 오버사이즈 핏; 제조국 대한민국,https://images.mcmworldwide.com/i/mcmworldwide/MHHGAMM01LI046_01?&fmt=auto&qlt=default,https://kr.mcmworldwide.com/ko_KR/MHHGAMM01LI046.html,MHHGAMM01LI046
L 모노그램 프린트 티셔츠,여성,의류 > 티셔츠,100% 오가닉 코튼,"S, M, L, XL","Cognac, Black","₩450,000","""컬러 블록 디자인(화이트 소매와 뒷면)""의 스포티 캐주얼",레귤러 핏 티셔츠 — 데일리,비세토스 모노그램 디지털 프린트가 더해진 오가닉 코튼 저지 여성 티셔츠,앞면 디지털 프린트 비세토스 모노그램; 화학물질 없이 재배된 오가닉 코튼; 리브 니트 트림; 컬러 블록; 제조국 대한민국,https://images.mcmworldwide.com/i/mcmworldwide/MFTGSMM02CO00L_01?&fmt=auto&qlt=default,https://kr.mcmworldwide.com/ko_KR/MFTGSMM02CO00L.html,MFTGSMM02CO00L
실크 파자마 셔츠,여성,의류 > 셔츠,"실크 94%, 폴리우레탄 6% (트림 폴리에스터 100%)","40 IT, 42 IT, 44 IT","Orangeade, Soft Pink","₩1,050,000","""1970~80년대 뮌헨 음악 문화에서 영감을 받은 멀티컬러 바이에른 다이아몬드 모티프"" — 레트로 럭셔리","""매칭 파자마 팬츠와 세트 스타일 완성 가능"" — 리조트·홈웨어·이브닝",1970~80년대 뮌헨 음악 문화에서 영감을 받은 멀티컬러 바이에른 다이아몬드 모티프와 기하학 모노그램이 장식된 여성용 긴 소매 실크 파자마 셔츠,버튼 클로저; 가슴 포켓; 레귤러 핏; 매칭 파자마 팬츠 세트 가능; 드라이클리닝 권장; 제조국 대한민국,https://images.mcmworldwide.com/i/mcmworldwide/MFHGAMM01OQ040_01?&fmt=auto&qlt=default,https://kr.mcmworldwide.com/ko_KR/MFHGAMM01OQ040.html,MFHGAMM01OQ040
디스코 패치 티셔츠,공용,의류 > 티셔츠,100% 오가닉 면 (GOTS 인증),"S, M, L, XL",Black,"₩450,000","""'MCM 디스코' 패치로 위트를 더한"" 유니섹스 스트리트",오버사이즈 핏 유니섹스 티셔츠 — 데일리·커플룩,MCM 디스코(MCM Disco)' 패치로 위트를 더한 유니섹스 오가닉 코튼 저지 티셔츠,"앞면 ""MCM Disco"" 패치; 리브 니트 트림; 오버사이즈 핏; GOTS 인증; 제조국 대한민국",https://images.mcmworldwide.com/i/mcmworldwide/MHTGAMM04BK00L_01?&fmt=auto&qlt=default,https://kr.mcmworldwide.com/ko_KR/MHTGAMM04BK00L.html,MHTGAMM04BK00L
MCM X ATEEZ with MINGI 코튼 로고 티셔츠,남성,의류 > 티셔츠,코튼 100%,"M, L, XL",Black,"₩270,000","""ATEEZ 민기의 시그니처 메시지 'FIX ON'을 감각적인 그래픽으로 재해석"" — 협업 스트리트",편안한 핏 — 데일리·팬덤·콘서트,"ATEEZ 민기의 시그니처 메시지 ""FIX ON""을 감각적인 그래픽으로 재해석한 코튼 티셔츠",앞면 MCM 라우렐 로고 프린트; 뒷면 'FIX ON' 비세토스 모노그램 프린트; 리브 니트 트림; 편안한 핏; 제조국 대한민국,https://images.mcmworldwide.com/i/mcmworldwide/MHTGAMM12BK00L_01?&fmt=auto&qlt=default,https://kr.mcmworldwide.com/ko_KR/MHTGAMM12BK00L.html,MHTGAMM12BK00L
50주년 기념 티셔츠,공용,의류 > 티셔츠,100% 오가닉 면 (GOTS 인증),"S, M, L","Cinnamon, Navy Blazer","₩390,000","""50주년 기념 로고 패치 자수""의 헤리티지 미니멀",레귤러 핏 유니섹스 티셔츠 — 데일리·기념·선물,50주년 기념 로고 패치 자수가 수놓인 유니섹스 오가닉 코튼 저지 티셔츠,가슴 50주년 기념 패치 자수; 리브 니트 트림; 레귤러 핏; GOTS 인증 오가닉 코튼; 제조국 대한민국,https://images.mcmworldwide.com/i/mcmworldwide/MHTGAMM024B00L_01?&fmt=auto&qlt=default,https://kr.mcmworldwide.com/ko_KR/MHTGAMM024B00L.html,MHTGAMM024B00L
모노그램 패치 포켓 셔츠,남성,의류 > 셔츠,코튼 100%,"48 IT, 50 IT",Orangeade,"₩830,000","""오버사이즈 반소매""의 리조트 캐주얼",오버사이즈 핏 반소매 셔츠 — 여름 데일리·휴양지,비세토스 모노그램 포켓과 로고 플레이트 패치가 더해진 남성용 오버사이즈 반소매 코튼 셔츠,버튼 클로저; 비세토스 모노그램·로고 플레이트 패치 가슴 포켓; 오버사이즈 핏; 제조국 대한민국,https://images.mcmworldwide.com/i/mcmworldwide/MHHGAMM02OQ048_01?&fmt=auto&qlt=default,https://kr.mcmworldwide.com/ko_KR/MHHGAMM02OQ048.html,MHHGAMM02OQ048
L 로고 플레이트 티셔츠,공용,의류 > 티셔츠,100% 오가닉 코튼,"XS, S, M, L, XL",Black,"₩270,000","""아이코닉 MCM 브라스 플레이트 디테일""의 미니멀 로고",레귤러 핏 유니섹스 티셔츠 — 데일리 베이직,로고 플레이트 패치가 돋보이는 유니섹스 오가닉 코튼 저지 티셔츠,가슴 로고 플레이트 TPU 패치; 100% 오가닉 코튼; 레귤러 핏; 제조국 대한민국,https://images.mcmworldwide.com/i/mcmworldwide/MHTGASE01BK00L_01?&fmt=auto&qlt=default,https://kr.mcmworldwide.com/ko_KR/MHTGASE01BK00L.html,MHTGASE01BK00L
모노그램 패치 포켓 티셔츠,공용,의류 > 티셔츠,"100% 오가닉 면(바디), 리사이클 나일론(포켓)","XS, S, M, L, XL",Black & Black,"₩330,000","""라우렐 자수와 비세토스 모노그램 프린트 포켓""의 유틸리티 스트리트",오버사이즈 핏 유니섹스 티셔츠 — 데일리·캐주얼,모노그램 프린트 에코 나일론 포켓이 더해진 오버사이즈 오가닉 코튼 저지 유니섹스 티셔츠,오버사이즈 핏; 리브 니트 넥라인; 라우렐 자수·비세토스 포켓; ECONYL® 재생 나일론; 제조국 대한민국,https://images.mcmworldwide.com/i/mcmworldwide/MHTEAMM07BD00L_01?&fmt=auto&qlt=default,https://kr.mcmworldwide.com/ko_KR/MHTEAMM07BD00L.html,MHTEAMM07BD00L
모노그램 카고 팬츠 ECONYL®,공용,의류 > 팬츠,"100% ECONYL® 재생 나일론(바디), 폴리에스테르 100%(안감)","S, M, L",Black,"₩990,000","""뮌헨 하우스 특유의 유틸리터리 감성"" — 오버사이즈 유틸리티",오버사이즈 카고 팬츠 — 스트리트·주말,"비세토스 모노그램 프린트가 돋보이는 유니섹스 오버사이즈 리사이클 나일론 카고 팬츠로, 카고 포켓 디테일을 더한 오버사이즈 실루엣으로 뮌헨 하우스 특유의 유틸리터리 감성을 전달합니다.",비세토스 모노그램 프린트; 카고 포켓; 오버사이즈 핏; 폐기 어망·천 조각 재생 ECONYL® 나일론; 제조국 대한민국,https://images.mcmworldwide.com/i/mcmworldwide/MHPGAMM01BK00L_01?&fmt=auto&qlt=default,https://kr.mcmworldwide.com/ko_KR/MHPGAMM01BK00L.html,MHPGAMM01BK00L
L 에센셜 로고 폰테 후디,공용,의류 > 후디,"폴리에스테르 51%, 코튼 43%, 스판덱스 6%","S, M, L, XL","Black, Cognac, Khaki","₩590,000","""비세토스 모노그램 프린트 안감""의 히든 디테일 캐주얼",오버사이즈 핏 후디 — 데일리·라운지·레이어드,로고 엠보싱 패치와 비세토스 모노그램 프린트 안감이 더해진 후드가 있는 유니섹스 오버사이즈 폰테 후드 스웨트셔츠,메탈 팁 조절 드로스트링 후드; 로고 엠보싱 인조 가죽 패치; 캥거루 포켓; 골지 니트 소매·밑단; 제조국 대한민국,https://images.mcmworldwide.com/i/mcmworldwide/MHAGSBC01BK00L_01?&fmt=auto&qlt=default,https://kr.mcmworldwide.com/ko_KR/MHAGSBC01BK00L.html,MHAGSBC01BK00L
에센셜 로고 폰테 쇼츠,공용,의류 > 쇼츠,"폴리에스테르 51%, 코튼 43%, 스판덱스 6% (포켓 안감 코튼 100%)","S, M, L, XL","Black, Melange Grey","₩410,000","""톤온톤 라우렐 자수와 자카드 로고 웨이스트밴드""의 스포티 미니멀",레귤러 핏 쇼츠 — 여름 데일리·라운지,톤온톤 라우렐 자수와 자카드 로고 웨이스트밴드가 더해진 폰테 쇼츠,앞면 톤온톤 라우렐 자수; 로고 자카드 허리 밴드; 사이드·뒷면 포켓; 리브 니트 트림; 제조국 대한민국,https://images.mcmworldwide.com/i/mcmworldwide/MHPGABC01BK00L_01?&fmt=auto&qlt=default,https://kr.mcmworldwide.com/ko_KR/MHPGABC01BK00L.html,MHPGABC01BK00L
모노그램 플랫폼 양가죽 샌들,여성,슈즈 > 샌들,램스킨 레더,"36, 37, 38, 39 IT",Cognac,"₩890,000","""골드 톤 메탈 하드웨어가 돋보이는"" 플랫폼 캐주얼",EVA 플랫폼 솔 — 여름 데일리·휴양지,비세토스 모노그램 프린트와 골드 톤 메탈 하드웨어가 돋보이는 양가죽 샌들,EVA 플랫폼 솔; 뒷면 레더 버클 스트랩; MCM 로고 모티프 램스킨 풋베드; 골드톤 바이에른 다이아몬드 메탈 버클; 이탈리아 제조,https://images.mcmworldwide.com/i/mcmworldwide/MESGAMM06CO036_01?&fmt=auto&qlt=default,https://kr.mcmworldwide.com/ko_KR/MESGAMM06CO036.html,MESGAMM06CO036
모노그램 젤리 샌들,여성,슈즈 > 샌들,젤리(러버),"36, 37, 38, 39 IT",Cognac,"₩330,000","""비세토스 모노그램 올오버 프린트""의 캐주얼 서머",젤리 플립플랍 — 해변·풀사이드·비 오는 날,비세토스 모노그램 올오버 프린트가 더해진 젤리 플립플랍 샌들,비세토스 모노그램 전면 프린트; 클래식 코냑 컬러; 슬림한 디자인으로 1~2사이즈 크게 주문 권장; 이탈리아 제조,https://images.mcmworldwide.com/i/mcmworldwide/MESGSMM05CO037_01?&fmt=auto&qlt=default,https://kr.mcmworldwide.com/ko_KR/MESGSMM05CO037.html,MESGSMM05CO037
비세토스 샌들,공용,슈즈 > 샌들,"비세토스 모노그램 캔버스, 송아지 가죽 트림·안감 100%","36~39 IT(여성), 40~43 IT(남성)","Cognac, Black","₩770,000","""바이에른 다이아몬드 메탈 버클""의 헤리티지 서머",유니섹스 샌들 — 여름 데일리·리조트,이탈리아산 송아지 가죽 트림과 바이에른 다이아몬드 메탈 버클 금속 장식이 달린 비세토스 모노그램 캔버스 샌들,엠보스드 라우렐 로고 가죽 풋베드; EVA 밑창; 골드 톤 다이아몬드 메탈 버클; 이탈리아 제조,https://images.mcmworldwide.com/i/mcmworldwide/MEXFSMM02CO038_01?&fmt=auto&qlt=default,https://kr.mcmworldwide.com/ko_KR/MEXFSMM02CO038.html,MEXFSMM02CO038
모노그램 프린트 양가죽 크로스 샌들,공용,슈즈 > 샌들,양가죽 100%(어퍼·안감),"37, 38 IT(여성), 40~42 IT(남성)",Cognac,"₩830,000","""라우렐 로고 금속 장식""의 미니멀 서머",유니섹스 크로스 슬라이드 — 여름 데일리,비세토스 모노그램 프린트와 라우렐 로고 금속 장식이 돋보이는 유니섹스 양가죽 슬라이드,크로스 레더 어퍼 비세토스 프린트; 풋베드 로고 모티프; EVA 밑창; 24K 도금 브라스 라우렐 로고; 이탈리아 제조,https://images.mcmworldwide.com/i/mcmworldwide/MEXESMM01CO037_01?&fmt=auto&qlt=default,https://kr.mcmworldwide.com/ko_KR/MEXESMM01CO037.html,MEXESMM01CO037
모노그램 프린트 러버 슬라이드,공용,슈즈 > 슬라이드,EVA 러버,"36~40 IT(여성), 41~43 IT(남성)","Soft Pink, Cognac","₩350,000","""바이에른 다이아몬드 패턴 아웃솔""의 캐주얼 스포티","""탁월한 쿠셔닝과 편안함"" — 홈·풀사이드·근거리 외출","비세토스 모노그램 프린트가 더해진 특수 제작된 러버 슬라이드로, 최신 러버 인젝션 기술을 적용해 탁월한 쿠셔닝과 편안함을 제공합니다.",비세토스 모노그램 프린트 어퍼; 라우렐 로고 풋베드; 바이에른 다이아몬드 패턴 아웃솔; 제조국 대한민국,https://images.mcmworldwide.com/i/mcmworldwide/MESGSMM04PZ036_01?&fmt=auto&qlt=default,https://kr.mcmworldwide.com/ko_KR/MESGSMM04PZ036.html,MESGSMM04PZ036
Diamante 퀼팅 모노그램 레더 로우탑 스니커즈,공용,슈즈 > 스니커즈,"퀼팅 레더(비세토스 모노그램 프린트), 천연 가죽 트림, 메쉬 라이닝","36~40 IT(여성), 41~43 IT(남성)","Cognac, Black","₩630,000","""3D 패턴 디자인""의 볼드 스니커",듀얼 밀도 미드솔 로우탑 — 데일리·캐주얼,"디아망떼 솔, 비세토스 모노그램 프린트, 천연 가죽 트림이 더해진 퀼티드 레더 로우탑 스니커즈",디아망뜨 러버 솔; 라우렐 로고 텅; 코튼 슈레이스; 로고 프린트 풋베드; 듀얼 밀도 미드솔; 인도네시아 제조,https://images.mcmworldwide.com/i/mcmworldwide/MESGSAS01CO038_01?&fmt=auto&qlt=default,https://kr.mcmworldwide.com/ko_KR/MESGSAS01CO038.html,MESGSAS01CO038
Diamante 퀼팅 레더 로우탑 스니커즈 (Black),남성,슈즈 > 스니커즈,"퀼팅 레더, 천연 가죽 트림, 메쉬 라이닝",40~43 IT,Black,"₩630,000",블랙 톤온톤의 미니멀 스니커,로우탑 스니커즈 — 데일리·캐주얼 오피스,디아망떼 솔과 천연 가죽 트림이 더해진 퀼티드 레더 로우탑 스니커즈,디아망뜨 러버 솔; 라우렐 로고 텅; 로고 프린트 풋베드; 가죽 힐 탭; 듀얼 밀도 미드솔,https://images.mcmworldwide.com/i/mcmworldwide/MESGSAS01BK040_01?&fmt=auto&qlt=default,https://kr.mcmworldwide.com/ko_KR/MESGSAS01BK040.html,MESGSAS01BK040
Skywander 니트 로우탑 스니커즈,여성,슈즈 > 스니커즈,"이탈리아산 니트, 송아지 가죽 트림, 비세토스 캔버스",36~43 IT,Black,"₩790,000","""러닝 슈즈에서 영감을 받은 경량 기능성 니트 어퍼"" — 테크 스포티",경량 니트 로우탑 — 데일리·워킹·트래블,러닝 슈즈에서 영감을 받은 경량 기능성 니트 어퍼에 이탈리아산 카프 레더와 3D 라우렐 패턴 아웃솔이 더해진 로우탑 스니커즈,뒷부분 바이에른 다이아몬드 패치; 텅 가죽 로고; 카프 레더 풀 탭; 3D 라우렐 러버 아웃솔; 이탈리아 제조,https://images.mcmworldwide.com/i/mcmworldwide/MESGSAH01BK036_01?&fmt=auto&qlt=default,https://kr.mcmworldwide.com/ko_KR/MESGSAH01BK036.html,MESGSAH01BK036
Skywander 비세토스 로우탑 스니커즈,남성,슈즈 > 스니커즈,"비세토스 모노그램 캔버스(어퍼), 이탈리안 송아지 가죽(트림)","36~38 IT(여성), 40·42·43 IT(남성)",Cognac,"₩890,000","""라우렐에서 영감을 받은 러버 아웃솔""의 헤리티지 스포티",로우탑 스니커즈 — 데일리·캐주얼,송아지 가죽 트림과 라우렐에서 영감을 받은 러버 아웃솔이 있는 이탈리아산 비세토스 로우 탑 스니커즈,어퍼 로고 다이아몬드 러버 패치; 패딩 텅 MCM 로고 라벨; 힐 라우렐 리본 모티프; 3D 라우렐 러버 아웃솔; 이탈리아 제조,https://images.mcmworldwide.com/i/mcmworldwide/MESESAH02CO036_01?&fmt=auto&qlt=default,https://kr.mcmworldwide.com/ko_KR/MESESAH02CO036.html,MESESAH02CO036
Federlite 퀼팅 가죽 로우탑 슬립온 스니커즈,여성,슈즈 > 스니커즈,천연 풀 그레인 가죽,"36, 37, 38, 39 IT",Black,"₩730,000","""한국 문화를 재해석하여 장인정신으로 구현""한 모던 크래프트",슬립온 — 데일리·트래블(신고 벗기 편함),"MCM 로고 모티프와 라우렐 퀼팅이 더해진 풀그레인 레더 슬립온 스니커즈로, 한국 문화를 재해석하여 장인정신으로 구현했습니다.",풋베드 로고 프린트; 텅·힐 탭 MCM 로고; 바바리안 다이아몬드 패치; 토박스 라우렐 퀼팅; Federlite EVA 러버 아웃솔; 제조국 대한민국,https://images.mcmworldwide.com/i/mcmworldwide/MESGSAP02BK036_01?&fmt=auto&qlt=default,https://kr.mcmworldwide.com/ko_KR/MESGSAP02BK036.html,MESGSAP02BK036
비세토스 네오 터레인 로 스니커즈,여성,슈즈 > 스니커즈,"비세토스 모노그램 캔버스, 이탈리안 카프스킨 가죽","35~41 IT(여성), 40~43 IT(남성)","Cognac, Cinnamon","₩630,000","""골드 톤 다이아몬드 메탈 아일렛""의 헤리티지 캐주얼","""탈착 가능한 OrthoLite® 메모리 폼 인솔"" — 장시간 착용·워킹",이탈리아산 카프레더 트리밍이 돋보이는 비세토스 모노그램 캔버스 로우탑 스니커즈,패딩 텅 라우렐 로고 라벨; 힐 가죽 다이아몬드 패치; 골드 톤 다이아몬드 메탈 아일렛; OrthoLite® 인솔; 이탈리아 제조,https://images.mcmworldwide.com/i/mcmworldwide/MESFSAJ01CO036_01?&fmt=auto&qlt=default,https://kr.mcmworldwide.com/ko_KR/MESFSAJ01CO036.html,MESFSAJ01CO036
Neo Terrain 비세토스 로우탑 스니커즈,남성,슈즈 > 스니커즈,"비세토스 모노그램 캔버스(상단), 이탈리안 송아지 가죽(트림), 메시 혼합 안감",35~43 IT,"Cognac, Soft Pink","₩770,000","""패딩된 텅 부분의 로렐 로고 라벨과 힐의 가죽 다이아몬드 패치""의 클래식 스포티",로우탑 스니커즈 — 데일리·캐주얼,"이탈리아산 송아지 가죽 트림과 비세토스 모노그램 캔버스로 제작한 로우탑 스니커즈로, 패딩된 텅 부분의 로렐 로고 라벨과 힐의 가죽 다이아몬드 패치가 특징입니다.",패딩 텅 로렐 로고 라벨; 힐 가죽 다이아몬드 패치; MCM 로고 모티프 고무 아웃솔; 메시 혼합 송아지 가죽 안감; 이탈리아 제조,https://images.mcmworldwide.com/i/mcmworldwide/MESESAJ03CO036_01?&fmt=auto&qlt=default,https://kr.mcmworldwide.com/ko_KR/MESESAJ03CO036.html,MESESAJ03CO036
Neo Terrain 모노그램 레더 스니커즈,남성,슈즈 > 스니커즈,100% 카프스킨,"41, 42, 43, 44 IT",Navy Blazer,"₩770,000","""엠보싱 비세토스 모노그램""의 톤온톤 레더 미니멀","""탈착 가능한 OrthoLite® 메모리폼 인솔"" — 오피스 캐주얼·장시간 착용",엠보싱 비세토스 모노그램이 돋보이는 카프스킨 레더 로우탑 스니커즈,엠보스드 비세토스 모노그램; 패딩 텅 라우렐 로고 라벨; 힐 가죽 다이아몬드 패치; OrthoLite® 인솔; 브라스 다이아몬드 아일렛; 이탈리아 제조,https://images.mcmworldwide.com/i/mcmworldwide/MEXEAAJ01VC041_01?&fmt=auto&qlt=default,https://kr.mcmworldwide.com/ko_KR/MEXEAAJ01VC041.html,MEXEAAJ01VC041
